Title,Rating,Link
Permafrost,10.0,https://www.imdb.com/title/tt13445688/
Shouting Silence,10.0,https://www.imdb.com/title/tt10463270/
A Date,10.0,https://www.imdb.com/title/tt16359474/
My Little Astronaut,10.0,https://www.imdb.com/title/tt28581368/
Sweet Struggle,10.0,https://www.imdb.com/title/tt28026133/
Sandbox,10.0,https://www.imdb.com/title/tt4186196/
Unique Beauty,10.0,https://www.imdb.com/title/tt28487760/
Dra. Lucía: Un Don Extraordinario,10.0,https://www.imdb.com/title/tt29433936/
Psycho Samjho To,10.0,https://www.imdb.com/title/tt28523208/
Straight on 'Til Mourning,10.0,https://www.imdb.com/title/tt18501046/
Bonecrusher,10.0,https://www.imdb.com/title/tt13101820/
Homeboys,10.0,https://www.imdb.com/title/tt21974160/
I Walk with Ghosts,10.0,https://www.imdb.com/title/tt28712053/
Tum Hi Ho Bandhu Sakha Tumhi,10.0,https://www.imdb.com/title/tt12478418/
Still Life,10.0,https://www.imdb.com/title/tt5755194/
Bitcoin Baby,10.0,https://www.imdb.com/title/tt19849598/
Mayonaka,10.0,https://www.imdb.com/title/tt14134604/
Hintaszék,10.0,https://www.imdb.com/title/tt23656896/
Kötüyü Kirmak,10.0,https://www.imdb.com/title/tt28603440/
The Wyrd,10.0,https://www.imdb.com/title/tt5971010/
Kafara,10.0,https://www.imdb.com/title/tt21297786/
Adobo,10.0,https://www.imdb.com/title/tt28813892/
False Pretenses,10.0,https://www.imdb.com/title/tt22027196/
Dirt Merchants: Rebelistic,10.0,https://www.imdb.com/title/tt8070536/
Peligrosa tentación 2,10.0,https://www.imdb.com/title/tt8598326/
Matriarch,10.0,https://www.imdb.com/title/tt11166250/
Suami Pengganti,10.0,https://www.imdb.com/title/tt28237040/
Bergamota,10.0,https://www.imdb.com/title/tt27740180/
Sakshi -An Untold Story,10.0,https://www.imdb.com/title/tt27010448/
Sting like a Honeybee,10.0,https://www.imdb.com/title/tt27650152/
An Hero,10.0,https://www.imdb.com/title/tt13394524/
Infidelity,10.0,https://www.imdb.com/title/tt29193332/
Auxilium,10.0,https://www.imdb.com/title/tt21056872/
Ill Fares the Land,10.0,https://www.imdb.com/title/tt27683073/
Teach,10.0,https://www.imdb.com/title/tt26654190/
Game of the Sexes 2,10.0,https://www.imdb.com/title/tt19718864/
Unmatched,10.0,https://www.imdb.com/title/tt3566344/
"Hands to the Sky, Catch Them & They're Yours",10.0,https://www.imdb.com/title/tt3635320/
Bafia,10.0,https://www.imdb.com/title/tt26912618/
A Life for a Life,10.0,https://www.imdb.com/title/tt3095408/
Frame of Reference,10.0,https://www.imdb.com/title/tt11454470/
Triple A,10.0,https://www.imdb.com/title/tt9556070/
Twixxx,10.0,https://www.imdb.com/title/tt20101978/
The Cage,10.0,https://www.imdb.com/title/tt12663862/
South Bridge,10.0,https://www.imdb.com/title/tt20873590/
In The Nick Of Time,10.0,https://www.imdb.com/title/tt8884242/
Am Rande der Zeiten,10.0,https://www.imdb.com/title/tt12069878/
TICKING,10.0,https://www.imdb.com/title/tt14387024/
What I Can't Tell You,10.0,https://www.imdb.com/title/tt13109924/
Silver Spoon Kids,10.0,https://www.imdb.com/title/tt27426912/
